src,VID_Candidate,mt,ref,score,year,system
"""This is not solely to protect against electoral fraud, but to protect local government from the broader culture of corruption and financial fraud that goes hand in hand with it,"" he said.",go with [pron],他说：“这不仅仅是为了防止选举舞弊，而是保护地方政府不受腐败和金融欺诈的更广泛的文化。,“这不仅仅是为了防范选举舞弊，还是为了保护地方政府免遭广泛的腐败文化以及与其密切联系在一起的金融诈骗的毒害，”他说。,1.37405425472481,2017,REFERENCE
"The incident triggered quite a response online, with people calling it a scandal.",call it,这一事件在网上引起了很大的反响，人们称这是一件丑闻。,这一事件在网上引发了热议，大家都认为这是一桩丑闻。,1.08865499972171,2017,REFERENCE
"“Chinese caviar” not only made it to the first class cabin in Lufthansa, it also made an appearance at the Oscars’ dinner banquet, as well as the dinner banquet of the welcoming ceremony of the G20 Hangzhou Summit.",make it,“中国鱼子酱”不仅登上了汉莎航空的头等舱，还出席了奥斯卡晚宴和G20杭州峰会欢迎仪式的晚宴。,“中国鱼子酱”不仅登上德国汉莎航空头等舱，还亮相奥斯卡晚宴、出现在G20杭州峰会欢迎晚宴上。,1.019869960275,2018,REFERENCE
"none of them can be solved. At this stage, you have to stick to it and keep going.",stick to [pron],在这个阶段，你必须坚持下去，并继续前进。,都觉得无法解决的程度，那这个阶段你要坚持住，就你在不断地走不断地走。,1.00249560918478,2018,REFERENCE
"Zhang Chun said, “I kept thinking of using one-fiftieth of other people’s budget to come up with an image effect that was completely identical to these other people’s. I drove our entire team up the wall.”",come up,张春说：“我一直在考虑用别人预算的第50来打造一个和这些人完全相同的形象效果，我把整个团队都推倒了。”,张春称：“老想着用别人五十分之一的预算，做出和别人完全一样的画面效果，团队都要被我逼疯了。”,1.1858846569915,2018,REFERENCE
"Chen Xinlei, Yang Kaihan: When Amazon made it to the world’s top 10 list of retailers, it announced that it would venture into the bookstores and grocery stores; this is worth pondering, both in terms of opportunity and motive.",make it,陈新蕾，杨开涵：当亚马逊进入世界十大零售商名单时，它宣布将进军书店和杂货店；这是值得深思的，无论是从机会和动机。,陈歆磊、杨凯涵：亚马逊在挤进全球十大零售商时候宣布进军书店和杂货铺，不论时机还是动机都很值得玩味。,1.40870632188665,2018,REFERENCE
The advert is a little mad but I took it for what it was.,take it,这个广告有点疯狂，但我接受了它的本来面目。,广告是有一些过头，但我觉得还好。,1.10928822174986,2019,HUMAN
"With 77,000 views and hundreds of comments, the video has received mixed reactions from viewers, with many saying it makes light of the ""horrors"" of the dairy industry.",make light,该视频有77，000次观看和数百条评论，得到了观众的不同反应，许多人说它揭示了乳制品行业的“恐怖”。,"这条视频的观看次数为 77,000，共有数百条评论，观众的反应各异，许多人觉得，这有蔑视乳制品行业“恐怖”的嫌疑。",-0.385428296192347,2019,HUMAN
"The expert who played the carillon in July called it something else: ""A cultural treasure"" and ""an irreplaceable historical instrument.""",call it,在7月份演奏 carillon 的专家称它为另一种东西：“文化宝藏”和“不可替代的历史乐器”。,在七月曾演奏钟琴的专业人士却将其称为：“文化瑰宝”和“无可取代的历史性乐器”。,0.623259511300741,2019,HUMAN
"While Ri reprised familiar North Korean complaints about Washington's resistance to a ""phased"" approach to denuclearization under which North Korea would be rewarded as it took gradual steps, his statement appeared significant in that it did not reject unilateral denuclearization out of hand as Pyongyang has done in the past.",reject out of hand,虽然 Ri 重复了朝鲜熟悉的抱怨，即华盛顿抵制“分阶段”的无核化方针，根据这一方针，朝鲜将在采取渐进步骤时得到奖励，但他的声明似乎意义重大，因为它并没有像平壤过去所做的那样，断然拒绝单方面无核化,虽然李重申了朝鲜对华盛顿抵制“分阶段”无核化（在此情况下，朝鲜将因采取逐步渐进的措施而获得奖励）手段的一贯抱怨，但是其声明的重点似乎在于朝鲜并未像过去平壤一样拒绝放弃单方面无核化。,0.526683446616474,2019,HUMAN
A black congregation that had been worshiping nearby took title to the building.,take to the building,一个一直在附近做礼拜的黑人会众获得了这座建筑的所有权。,在附近做礼拜的一名黑人会众获得了这座建筑的所有权。,0.232370610382848,2019,HUMAN
"""It was just trying to get into that position, to get on the ball and players like Shaq always play it forward as much as possible, so I just tried to create myself as much time as possible,"" Sturridge told LiverpoolFC.com.",play it,“这只是试图进入那个位置，接球，像 Shaq 这样的球员总是尽可能地向前发挥，所以我只是试图创造自己尽可能多的时间，” Sturridge 告诉 Liverpool FC.com 。,"接受 LiverpoolFC.com 采访时斯图里奇表示,“我只是想进入那个位置，控球，然后 Shaq 等球员将尽量向前推进，我只是尽可能地为自己创造可能”。",0.279470767521103,2019,HUMAN
"On Sunday, though, there is nobody to help you out of your hole.",help out of [pron] hole,不过，在星期天，没有人能帮你走出困境。,但是在周日，没有人能帮你走出“洞”。,0.138200741471715,2019,HUMAN
"But the Cromwell Society described Mr Crick's suggestion as ""folly"" and ""attempting to rewrite history.""",rewrite history,但克伦威尔协会将克里克先生的建议描述为“愚蠢”和“试图改写历史”。,但克伦威尔学会称克里克 (Crick) 的建议“极为愚蠢”且“试图改写历史”。,0.744612712404874,2019,HUMAN
"""It's time for women to go to Washington and fix our broken government and that includes a woman at the top,"" she said, according to The Hill.",go to washington,根据 The Hill 的说法，她说：“现在是女性去华盛顿修复我们破碎的政府的时候了，其中包括一位女性在高层。”,据《国会山报》报道，沃伦称“是时候让女性走向华盛顿政治我们支离破碎的政府了，而这其中需要有一名上层女性”。,0.660976446786771,2019,HUMAN
"But despite his colleagues fleeing for their lives, 21-year-old Anthonius Gunawan Agung refused to leave his post in the wildly swaying control tower at Mutiara Sis Al Jufri Airport Palu airport.",flee for [pron] life,但是，尽管他的同事们逃命，21岁的 An tonius Gunawan Agung 拒绝离开他在 Mu tiara Sis Al Jufri 机场 Palu 机场疯狂摇摆的控制塔的职位。,但是，尽管同事们都在逃命，21 岁的阿贡 (Anthonius Gunawan Agung) 并没有离开自己的岗位，仍然坚守在巴鲁机场 (Mutiara Sis Al Jufri Airport) 摇摇欲坠的控制塔内。,1.43157908468854,2019,HUMAN
"""Nad was calling regularly to say it was really bad, that she wasn't expected to make it,"" said Mrs Ednan-Laperouse.",make it,Ednan - La per ouse 夫人说：“ Nad 经常打电话说这真的很糟糕，她没想到会这么做。”,“纳德 (Nad) 照常打电话来，说情况很糟糕，她没想到会这样”，Ednan-Laperouse 太太说到。,0.0645911857067237,2019,HUMAN
"Climo stretched the Ayr lead with a penalty, before, right on half-time, he scored then converted a solo try to make it 17-5 to Ayr at the break.",make it,Climo 以点球拉伸了 Ayr 的领先优势，之前，就在半场结束时，他得分然后转换了一个单独的尝试，在休息时以17-5击败了 Ayr 。,中场休息前，克里莫以一记点球扩大了艾尔联的领先优势，进球后，中场休息时，他获得附加分独自将比分变为 17-5。,-0.352039070075495,2019,HUMAN
"'At the end of it one girl came up to me and said: 'Why am I only being told this now, in my senior year?'",come up,“最后，一个女孩走过来对我说：“为什么现在，在我大四的时候，我才被告知这一点呢？”,“在演讲结束后，一名女生走到我近前，问我：‘为什么我都到了大四了，才了解到这个？’,0.758195306856749,2019,HUMAN
"Instead, he noted, the U.S. is continuing sanctions aimed at keeping up pressure.",keep up,相反，他指出，美国正在继续实施旨在保持压力的制裁。,他指出，美国反倒持续打压，实施制裁。,1.10334207065644,2019,HUMAN
"""It's just not about the committee vote or the final vote or whether Kavanaugh is put on the bench, it's also about the way Republicans have handled this and how they have treated her,"" Guy Cecil, director of Priorities USA, a group that helps to elect Democrats, pointed out to the news channel.",put on the bench,“这不是关于委员会投票或最后投票，也不是关于卡瓦诺是否被放在替补席上，而是关于共和党人处理这件事的方式以及他们如何对待她，”帮助选举民主党人的团体美国优先事项（ Priorities USA ）主任盖伊·塞西尔（ Guy Cecil ）向新闻频道指出。,优先美国行动（Priorities USA，一个帮助选举民主党人的组织）主管盖伊·塞西尔 (Guy Cecil) 向新闻频道指出，“这不仅仅关乎委员会的投票或最终投票结果，或者是否会将卡瓦诺放在替补席位上，也关乎共和党处理这一问题的方式以及他们对待受害者的方式”。,0.228108640356032,2019,HUMAN
"In front of parliament in Skopje, Vladimir Kavardarkov, 54, was preparing a small stage and pulling up chairs in front of tents set up by those who will boycott the referendum.",pull up,在斯科普里的议会前，54岁的弗拉基米尔·卡瓦尔达尔科夫（ Vladimir Kavardarkov ）正在准备一个小舞台，并在那些将抵制全民投票的人搭建的帐篷前拉,在斯科普里议会门前，54 岁的 Vladimir Kavardarkov 正在准备小型舞台，并把椅子挪到由抵制公投的人们搭建的帐篷前。,0.265615066496279,2019,HUMAN
Tough talk 'and then we fell in love',fall in love,强硬的谈话'然后我们就陷入了爱情',郑重的会谈后，“我们相爱了”,0.984493876049653,2019,HUMAN
"They think you're sad and will be pleased because they got to you.""",get to [pron],他们认为你很伤心，会很高兴的，因为他们找到了你。”,他们会认为你很难过，并为此感到高兴，因为他们打败了你。”,0.206149947118706,2019,HUMAN
"I remember thinking, what are they going to put on my tombstone?",put on [pron] tombstone,我记得我在想，他们要在我的墓碑上放什么？,我记得当时我在想，他们会在我的墓碑上刻下什么?,-0.579702096587765,2019,HUMAN
"Elisabeth Ferrell, Scottish officer for the Bat Conservation Trust, has encouraged the public to pitch in to help.",pitch in,蝙蝠保护信托基金（ Bat Conservation Trust ）的苏格兰官员伊丽莎白·费雷尔（ Elisabeth Ferrell ）鼓励公众参与进来提供帮助。,蝙蝠保护基金会 (Bat Conservation Trust) 的苏格兰官员伊丽莎白·费雷尔 (Elisabeth Ferrell) 鼓励公众贡献自己的力量。,0.396683687424489,2019,HUMAN
"It was a third Elite League defeat of the season for Adam Keefe's men, who had come from behind to beat Dundee 2-1 in Belfast on Friday night.",come from behind,对于亚当·基夫的手下来说，这是精英联赛本赛季的第三次失利，他们在周五晚上在贝尔法斯特以2比1击败邓迪。,这是 Adam Keefe 的球队在本赛季精英联赛中第三次失利，他们在周五晚上在贝尔法斯特以 2-1 击败了 Dundee。,0.210519277680644,2019,HUMAN
"Somebody called it ""Snow White and the Seven Dwarfs.""""",call it,"有人叫它""白雪公主和七个小矮人""。""",有人将这称为‘白雪公主和七个小矮人’。”,0.206149947118706,2019,HUMAN
"The number of North Korean defectors to South Korea has fallen since Kim Jong-un came to power seven years ago, a South Korean lawmaker has said.",come to power,韩国一位议员说，自从金正恩七年前上台以来，朝鲜叛逃者到韩国的人数已经下降。,韩国的一位立法者表示，自七年前金正恩上台以来，叛逃到韩国的朝鲜人数量下降。,0.529551419412686,2019,HUMAN
"The company calls it ""personal empowerment through data.""",call it,该公司称其为“通过数据增强个人权能”。,公司将这一特性称为“通过数据实现个人赋权”。,0.519554097472335,2019,HUMAN
Bring in your financial advisor: Your advisor can also help you come up with a way to pay for those expenses.,come up,请进你的财务顾问：你的顾问也可以帮助你想出一种支付这些费用的方法。,让财务顾问参与进来：你的顾问也能帮你想出支付这些费用的方法。,0.562063196767968,2019,HUMAN
"It is a righteous diatribe, months and years of fury spilling over, and she can't get it out without weeping.",get it,这是一个正义的诽谤，几个月和几年的愤怒溢出了，她不哭泣就无法把它弄出来。,那是一次正义的诽谤，长达数月、甚至数年的愤怒不断蔓延，如果不哭出来，她将无法摆脱。,-0.317751415352275,2019,HUMAN
"Troops fired on a peaceful demonstration at the plaza on Oct. 2, 1968, killing as many as 300 people at a time when leftist student movements were taking root throughout Latin America.",take root,1968年10月2日，军队向广场的和平示威开火，在左翼学生运动在整个拉丁美洲扎根的时候，造成多达300人死亡。,1968 年 10 月 2 日，左派学生运动在整个拉丁美洲扎根之际，墨西哥部队在广场和平示威期间开枪射击，造成多达 300 人死亡。,0.0834080883997299,2019,HUMAN
"He added: ""It's backfired on him now, though, that's the sad thing.""",backfire on [pron],"他补充道：""现在，这适得其反，不过，这是可悲的事情。",他补充说：“结果却事与愿违，这是非常可悲的。”,0.353044040163353,2020,HUMAN-A
"The 35-year-old star dumped the NBA player for good earlier this year after he was accused of cheating on her with family friend Jordyn Woods - having previously cheated when she was nine months pregnant with their daughter, True.",cheat on [pron],今年早些时候，这位35岁的球星因被指控与家人朋友乔丹·伍兹（Jordyn Woods）欺骗她而长期甩掉这位NBA球员。,今年早些时候，这位 35 岁的明星彻底抛弃了这位美国国家篮球协会球员，因为汤普森被指责与家人的朋友乔登·伍兹偷情-之前，当科勒怀着他们的女儿，特鲁，当时是 9 个月身孕，特里斯坦就曾出轨。,-0.085785796933368,2020,HUMAN-A
"""While we already have among the strictest regimes on those products, if the evidence shows that further action is needed... we will not hesitate to take it.""",take it,"""虽然我们已经对这些产品有最严格的制度之一， 但如果证据表明需要进一步采取行动...我们会毫不犹豫地把它。",“虽然我们已经对这些产品实行了最严格的管理制度，但如果有证据表明需要采取进一步行动......我们将毫不犹豫地采取行动。”,0.47499714903942,2020,HUMAN-A
"Lawmakers last month updated the nation's oldest law governing police use of deadly force, making it now among the country's most comprehensive when combined with additional training.",make it,立法者上个月更新了美国最古老的关于警察使用致命武力的法律，使得它现在成为美国最全面的，结合额外的培训。,上个月立法人员为美国最古老的管制警察使用致命武力的法律增加了一项修正案，在全体警察接受培训后，这项法律将成为全美最严格的武力使用标准。,0.785306526822633,2020,HUMAN-A
"Responding to a tweet suggesting installing the Labour leader or another temporary prime minister, she said: ""Agree with this.",agree with [pron],"在回应一条建议安装工党领袖或其他临时首相的推特时，她说：""同意这一点。",在回应一条建议任命工党领袖或另一位临时首相的推文时，她说道：“同意这一做法。,0.617537677384215,2020,HUMAN-A
"""The shot is far below the dew point, the instant you take it out, it's just soaking wet and it's dripping water,"" the American said. ""It's worse than if it was pouring down rain... We've been fighting this a little bit.""",take it,"""拍摄远远低于露点，你一把它拿出来，它只是浸泡湿，它滴水，""美国人说。""比倾盆大雨还要糟糕...我们一直在打这个一点点。",“铅球平常的温度远低于露点，你只要一把它拿出来，它就湿透了，而且还在滴水，”这位美国运动员说道。“这比下倾盆大雨还要糟糕……我们也一直在克服这种情况。”,0.800239800952641,2020,HUMAN-A
"Lewis said the report would act ""as a line in the sand"" for the force, adding: ""Improvements have already been made and I take full responsibility for driving through the changes that are so obviously needed. In the five months I've been here I have met some exceptional police officers and staff, at all levels, and have seen lives saved and vulnerable people protected by the efforts and determination of frontline officers.""",act as a line in the sand,"刘易斯说，这份报告将""作为一条线在沙子里""为部队，补充说：""已经作出改进，我承担全部责任，推动通过变化，这是很明显需要的。在我在这里的五个月里，我见到了一些各级杰出的警官和工作人员，他们看到了生命得到拯救和弱势人群受到前线警官的努力和决心的保护。",刘易斯说，这份报告如同给这支部队“设定一条界限”，并补充说：“已经做出了改进，我全面负责推动这些明显需要的改变。在我到任的五个月里，我会见了各级表现杰出的警察和工作人员，看到了一线警察的努力和决心，致力于保护生命安全，保护脆弱人群。”,0.148379591140356,2020,HUMAN-A
"Although all three made it through to the global final, they lost out in the final round to strong competition from some of the 3,500 entrants from across the world.",make it,虽然这三人都进入全球决赛，但他们在最后一轮输给了来自世界各地3500名参赛者的强项。,"尽管三名学生都入围了全球总决选，还是在最终的激烈角逐中败下阵来，总决赛中有来自世界各地的 3,500 名学生。",0.790098327273883,2020,HUMAN-A
"Some items used by Vidyasagar, gathering dust in the storeroom of the house, will be brought out for public viewing at the museum.",gather dust,Vidyasagar在房子的储藏室里收集灰尘的一些物品将被拿出来供博物馆公众观看。,维迪亚萨加使用过的一些物品，将从布满灰尘的储藏室中移出，摆放到博物馆供公众参观。,0.390985316198867,2020,HUMAN-A
"""That's what this astonishing ship will be here to do, to find out the facts and find the science with which to deal with problems that are facing the world today and will increasingly do so tomorrow.""",deal with [pron],"""这就是这艘令人吃惊的船将在这里做的事情，找出事实，并找到科学来处理当今世界面临的问题，并且明天将越来越多地这样做。",这就是这艘令人惊奇的考察船将要做的事，找出事实，寻求科学之法，以处理当今世界面临的问题，未来将有越来越多的人去这样做。”,0.694715468318904,2020,HUMAN-A
"In the final series, Rachel's onscreen husband Mike Ross, played by Patrick J Adams, paid a visit from Seattle and was asked how Rachel was getting on.",get on,在最后的系列中，雷切尔的银幕丈夫迈克·罗斯（MikeRoss）从西雅图进行了访问，被问及雷切尔的上如何。,在她出演的最后一季中，雷切尔的荧幕老公迈克·罗斯（帕特里克·约翰尼斯·亚当斯饰演）从西雅图来探望了她，被问及她近况如何。,0.936842516690902,2020,HUMAN-A
"""Here you walk outside and it's like somebody put a heater on you. I guess that is why they are doing it at night.""",put on [pron],"""在这里，你走到外面，它就像有人把一个加热器给你。我想这就是为什么他们在晚上这样做。",“在这里，你走在外面就像有人给你开了暖气一样。我猜这也是半夜开赛的原因吧。”,0.31497366079699,2020,HUMAN-A
"Security video, which has never been released, showed Alford stopped in the drive-thru when a second car pulled up behind him. Three suspects were then seen getting out of that car. One of them walked up to the driver's side, and shot Alford. The four people in Alford's car jumped out and ran. The suspects were then seen getting back into their car and driving away.",pull up,安全录像显示，阿尔福德在开车时停了下来，当时有第二辆车停在他身后。三名嫌疑犯随后被看见从那辆车里出来。其中一人走到司机身边，朝阿尔福德开了一枪。阿尔福德车里的四个人跳了出来，跑开了。然后看到嫌疑人回到他们的车里，然后开车离开。,从未公布过的安全录像显示，阿尔福德在汽车餐厅停车后，第二辆车停在他后面。随后从车上下来三名犯罪嫌疑人。其中一人走到阿尔福德所在车的驾驶座旁，向阿尔福德开枪。奥尔福德车上的四个人跳下了车，跑开了。随后犯罪嫌疑人回到自己的车内，开车离开。,0.638739239908612,2020,HUMAN-A
"""I thought about asking, and I thought about even using audio footage - that we have to come up with something - and in the end I didn't ask, and I just thought, 'I'm going to respect her new life and not put her in the position of having to ask'.",come up,"""我想问，我想甚至使用音频片段-我们必须想出什么-最后我没有问，我只是想，'我会尊重她的新生活，而不是让她在不得不问'的位置。",“我想过邀请她，还想过使用音频素材（这方面我们得想个办法），但最后我没有开口，因为我觉得“我要尊重她的新生活，不能把她置于必须获邀的境地”。,0.660726756652497,2020,HUMAN-A
"""It's clear we are going to completely break up this group,"" Duque said in a statement from the United States, where he traveled for the United Nations General Assembly this week.",break up,"杜克本周前往美国参加联合国大会的一份声明中说：""很明显，我们将彻底打破这个集团。",“我们的目标十分明确，就是彻底打垮这个组织，”杜克在美国发表的一份声明中表示，本周他曾前往美国参加联合国大会。,0.482524226762915,2020,HUMAN-A
"However, the star's family reality show Keeping Up With The Kardashians later showed that the event ended with Khloe in tears as she struggled to come to terms with his infidelity.",keep up,然而，这位明星的家庭真人秀《跟上卡达西人》后来显示，活动以克洛伊的眼泪结束，她努力接受他的不忠。,然而，这位明星的家庭真人秀《与卡戴珊一家同行》后来显示，这一事件以科勒含泪艰难接受特里斯坦的不忠而告终。,0.395769807336377,2020,HUMAN-A
"It's unclear just how deeply such collective action may take root this fall, but it certainly would be fitting if the general strike returned to the Northwest in 2019. And from there we can only hope that its spirit will spread even further, into the heart of Midwestern farming, Southern manufacturing, Texan oil fields, Appalachian coal mines, Northeastern construction, the Silicon Valley tech giants, and everywhere in between. Lord knows that something's gotta give.",take root,目前还不清楚这种集体行动今年秋天会扎根多深，但如果2019年大罢工回到西北地区，这肯定是合适的。从那里，我们只能希望它的精神将进一步传播，进入中西部农业、南方制造业、德州油田、阿巴拉契亚煤矿、东北建筑、硅谷科技巨头，以及介于两者之间的任何地方。上帝知道有些东西必须给予。,今年秋季，这类集体行动的开展将深入到何种程度，目前尚不明确，但如果大罢工在 2019 年重返西北地区，那肯定也是恰当的。我们只能借此希望行动的精神能够进一步传播到中西部农业、南部制造业、德克萨斯州油田、阿巴拉契亚煤矿、东北建筑业、硅谷科技巨头以及中间的任何领域和行业。老天知道，凡事皆要付出代价。,0.658146265304699,2020,HUMAN-A
"The EU is good at setting rules and red lines and sticking to them; it's less good at unilaterally imposing its will. The UK is hemmed in by its own internal contradictions, at least until an election or a second referendum breaks the impasse.",stick to [pron],欧盟善于制定规则和红线，并坚持这些规则和红线;它不太擅长单方面强加它的人来强加它的人。英国被自身内部矛盾所左右，至少在选举或第二次全民公决打破僵局之前。,欧盟擅长制定规则、划定“红线”并坚持执行，但单方面施加其意愿却是短板。至少在英国大选或第二次全民公投打破僵局之前，英国对自身的内部矛盾已自顾不暇。,0.467323976030089,2020,HUMAN-A
"In the United States, much of the attention in the third quarter has focused on a deal that failed to come to fruition - the planned IPO of WeWork parent We Company.",come to fruition,在美国，第三季度的注意力主要集中在一项未能实现的交易上——WeWork母公司我们公司（We Company）的首次公开募股（IPO）。,在美国，第三季度的大部分注意力都集中在一项未能实现的交易上——WeWork 母公司 We Company 计划的首次公开募股。,0.55464038700697,2020,HUMAN-A
"""Currently we are targeting young people 18 to 24 years. For the young people that's the age bracket we are looking at but of course any one above 18 and it's because we do not have evidence of children by the Constitution but as more evidence unfolds we are going to get there. For the men, we give the kit to the mother and they take it to the partner, key and priority populations such sex workers,"" Mr Geoffrey Tasi, the technical officer-in-charge of HIV testing services, said yesterday.",take it,"""目前，我们的目标是18至24岁的年轻人。对于年轻人，这是我们正在研究的年龄段，但当然任何一个超过18岁，这是因为我们没有儿童的证据，宪法，但随着更多的证据展开，我们将到达那里。对于男性，我们把工具包给母亲，然后他们把它给伴侣、关键人群和优先人群，如性工作者，""负责艾滋病毒检测服务的技术官员杰弗里·塔西先生昨日表示。",“18 至 24 岁的年轻人是我们目前的目标人群。这一年龄段的年轻人是我们的关注对象，当然任何 18 岁以上者都应纳入考虑范畴，我们目前没有《宪法》所规定的未成年人染病的证据，但随着越来越多的证据涌现，我们将朝着这个目标迈进。对于男性，我们会将试剂盒交给他们的母亲，然后由她们交给性伴侣，主要是性工作者等易感人群”艾滋病毒检测服务技术负责人杰弗里·塔西先生昨天表示。,0.309290070802119,2020,HUMAN-A
"A pink blanket goes with everything: Jane Austen classics, a queer young-adult romcom, fantasy novel Six of Crows. Jordan Hickey's version is crocheted, made by her grandmother, and appears in most photos on her Instagram account pagetravels, where it's paired with various books to evoke a sense of tantalizing coziness. Wouldn't you like to be here right now, her photos imply, cuddled up with this blanket and this mug of coffee, with nothing else on your to-do list aside from reading the new novel Frankly In Love, out today?",go with [pron],粉红色的毯子与一切： 简奥斯汀经典， 一个奇怪的年轻成人浪漫喜剧， 幻想小说六乌鸦。乔丹·希奇的版本是钩针，由她的祖母制作，并出现在她的Instagram帐户页面旅行的多数照片，在那里它与各种书籍配对，唤起诱人的舒适感。难道你不想现在在这里，她的照片暗示，拥抱着这毯子和这杯咖啡，除了阅读今天出版的新小说《坦率的爱》之外，你的清单上没有别的？,一条粉红色的毯子百搭百灵：简·奥斯汀经典小说，一部奇怪的年轻人爱情戏，幻想小说《六只乌鸦》。乔丹·希基的版本是由她祖母编织而成的，出现在她照片墙账户旅游页面上的大多数照片中，与各种书籍搭配在一起，给人一种诱人的舒适感。现在，你想要进入她照片的生活，卷上这张毯子，一杯咖啡，放下一切，安心阅读新小说《在爱情里保持坦率》吗？,0.352421172482624,2020,HUMAN-A
"""I think he took it as best as you could expect,"" said Doug Durham, one of Haskell's defense attorneys, according to the station. ""He was aware that this was a strong possibility.""",take it,"据该电台报道，哈斯克尔的辩护律师之一道格·达勒姆（DougD durham）说：""我认为他尽了最大的努力。""他知道，这是一个强大的可能性。",据电视台报道，哈斯克尔的辩护律师之一道格·达勒姆说：“我认为如大家所期待的，他可能会受到重罚”。“他意识到这是最有可能的结果。”,0.514756178223727,2020,HUMAN-A
"The museum will come up at Vidyasagar's residence at Badur Bagan area where pictures and models, chronicling his life from his birth place at Birsinghapur village in Paschim Medinipur district to the house in north Kolkata, will be put on display, he said on Thursday.",come up,博物馆将在维迪亚萨加尔的官邸巴杜尔蒲甘地区，图片和模型，记录他的生活，从他的出生地在比尔辛哈普尔村在帕希姆梅迪尼普尔区的房子，他周四说，将展出，他说。,他星期四说，博物馆将建立在维迪亚萨加位于巴杜尔巴甘地区的住所内，将展出照片和模型，这些照片和模型记录了维迪亚萨加的一生，覆盖从出生在帕斯奇姆麦地尼普尔区比尔辛格普尔村到搬迁至加尔各答北部居所的各个时期。,0.514389992688829,2020,HUMAN-A
"""I wish I could trade places with you son, I wish I could trade places with you,"" Guy Alford, the victim's father, said.",trade with [pron] son,"受害者的父亲盖伊·阿尔福德（GuyAlford）说：""我希望我能和你们交易地方，儿子，我希望我能和你们换个地方。",受害人的父亲盖伊·阿尔福德说道：“我希望我能和你对换，儿子，我希望我能和你对换啊。”,0.605681823294085,2020,HUMAN-A
JAL and other airlines have yet to come up with way of anticipating seat reservations by serial snorers and passengers who fully recline their seats during in-flight meals.,come up,日航和其他航空公司尚未提出预测座位预订的方法，因为连续打鼾者和乘客在机上用餐时完全倾斜座位。,日航和其他航空公司还没有想出办法来预测连续打鼾者和在飞机上用餐时将座椅完全倾斜的乘客预定的座位。,0.331779256698696,2020,HUMAN-A
Prime Minister Boris Johnson has been dealt another blow in his push for an early election in the United Kingdom.,deal in [pron] push,英国首相鲍里斯·约翰逊在推动英国提前举行大选时再次受到打击。,英国首相鲍里斯·约翰逊在推动英国提前大选方面再度受挫。,0.930686797738922,2020,HUMAN-A
"""Currently we are targeting young people 18 to 24 years. For the young people that's the age bracket we are looking at but of course any one above 18 and it's because we do not have evidence of children by the Constitution but as more evidence unfolds we are going to get there. For the men, we give the kit to the mother and they take it to the partner, key and priority populations such sex workers,"" Mr Geoffrey Tasi, the technical officer-in-charge of HIV testing services, said yesterday.",take it,“目前，我们的目标人群是18至24岁的年轻人。我们正在关注的是这个年龄段的年轻人，但是当然，任何年龄在18岁以上的人都是这样，这是因为我们没有《宪法》所载有儿童的证据，但随着越来越多的证据的出现，我们对于男性，我们将试剂盒交给母亲，然后他们将其交给伴侣，主要和优先人群，例如性工作者，”艾滋病毒检测服务技术负责人Geoffrey Tasi先生，昨天说。,“18 至 24 岁的年轻人是我们目前的目标人群。这一年龄段的年轻人是我们的关注对象，当然任何 18 岁以上者都应纳入考虑范畴，我们目前没有《宪法》所规定的未成年人染病的证据，但随着越来越多的证据涌现，我们将朝着这个目标迈进。对于男性，我们会将试剂盒交给他们的母亲，然后由她们交给性伴侣，主要是性工作者等易感人群”艾滋病毒检测服务技术负责人杰弗里·塔西先生昨天表示。,0.274708217736351,2020,HUMAN-B
"Security video, which has never been released, showed Alford stopped in the drive-thru when a second car pulled up behind him. Three suspects were then seen getting out of that car. One of them walked up to the driver's side, and shot Alford. The four people in Alford's car jumped out and ran. The suspects were then seen getting back into their car and driving away.",pull up,从未发布过的安全录像显示，当第二辆汽车在他身后驶过时，Alford停在了直通车道上。然后看到三名嫌疑犯下车。其中一个走到驾驶员那边，向阿尔福德开枪。奥尔福德车上的四个人跳了起来，跑了出去。然后看到犯罪嫌疑人回到自己的车里开车离开。,从未公布过的安全录像显示，阿尔福德在汽车餐厅停车后，第二辆车停在他后面。随后从车上下来三名犯罪嫌疑人。其中一人走到阿尔福德所在车的驾驶座旁，向阿尔福德开枪。奥尔福德车上的四个人跳下了车，跑开了。随后犯罪嫌疑人回到自己的车内，开车离开。,0.956428405030992,2020,HUMAN-B
Prime Minister Boris Johnson has been dealt another blow in his push for an early election in the United Kingdom.,deal in [pron] push,总理鲍里斯·约翰逊（Boris Johnson）在推动英国提前大选方面受到了又一次打击。,英国首相鲍里斯·约翰逊在推动英国提前大选方面再度受挫。,0.561280675279165,2020,HUMAN-B
"""I think he took it as best as you could expect,"" said Doug Durham, one of Haskell's defense attorneys, according to the station. ""He was aware that this was a strong possibility.""",take it,该站称，“我认为他尽了所能，”哈斯克尔的辩护律师之一道格·达勒姆（Doug Durham）说。 “他知道这很有可能。”,据电视台报道，哈斯克尔的辩护律师之一道格·达勒姆说：“我认为如大家所期待的，他可能会受到重罚”。“他意识到这是最有可能的结果。”,0.588139142692179,2020,HUMAN-B
"Lewis said the report would act ""as a line in the sand"" for the force, adding: ""Improvements have already been made and I take full responsibility for driving through the changes that are so obviously needed. In the five months I've been here I have met some exceptional police officers and staff, at all levels, and have seen lives saved and vulnerable people protected by the efforts and determination of frontline officers.""",act as a line in the sand,刘易斯说，这份报告将成为部队的“一条线”，并补充说：“已经进行了改进，我对推动如此明显的变革负有全部责任。在过去的五个月中，我一直在努力我在这里会见了一些特别的警务人员和各级人员，看到一线警官的努力和决心使生命得以挽救，弱势群体得到了保护。”,刘易斯说，这份报告如同给这支部队“设定一条界限”，并补充说：“已经做出了改进，我全面负责推动这些明显需要的改变。在我到任的五个月里，我会见了各级表现杰出的警察和工作人员，看到了一线警察的努力和决心，致力于保护生命安全，保护脆弱人群。”,0.562683581001941,2020,HUMAN-B
"In the United States, much of the attention in the third quarter has focused on a deal that failed to come to fruition - the planned IPO of WeWork parent We Company.",come to fruition,在美国，第三季度的大部分注意力都集中在未能实现的交易上-WeWork母公司We Company的计划IPO。,在美国，第三季度的大部分注意力都集中在一项未能实现的交易上——WeWork 母公司 We Company 计划的首次公开募股。,0.947131531914281,2020,HUMAN-B
"In late April, weeks after searching through the El Sobrante Landfill in Corona, authorities called off the search. The child's body was never found.",call off the search,4月下旬，在对科罗纳El Sobrante垃圾填埋场进行搜索后数周，当局取消了搜索。从未发现孩子的尸体。,4 月下旬，在对科罗纳埃尔索布兰特垃圾填埋场经过几周的搜索后，当局取消了搜索。孩子的尸体一直未找到。,0.655132201634586,2020,HUMAN-B
"The EU is good at setting rules and red lines and sticking to them; it's less good at unilaterally imposing its will. The UK is hemmed in by its own internal contradictions, at least until an election or a second referendum breaks the impasse.",stick to [pron],欧盟善于制定规则和红线并坚持执行；它不太擅长单方面施加其意愿。至少在大选或第二次全民公投打破僵局之前，英国自身的内部矛盾已陷入困境。,欧盟擅长制定规则、划定“红线”并坚持执行，但单方面施加其意愿却是短板。至少在英国大选或第二次全民公投打破僵局之前，英国对自身的内部矛盾已自顾不暇。,0.407596351163864,2020,HUMAN-B
"""This is all wrong. I shouldn't be up here. I should be back in school on the other side of the ocean yet you all come to us young people for hope. How dare you?"" she said, her voice quavering with emotion.",come to [pron],“这全是错的。我不应该在这里。我应该回到海洋另一端的学校，但是你们都来找我们年轻人寻求希望。你怎么敢？”她说，她的声音颤抖着。,“这都是错的。我不应该坐在这里的。我应该在大洋彼岸上学，而你们却找我们年轻人要希望。你们怎么敢这样？”她激情满怀、声音颤抖着说出这句话。,0.61965065056401,2020,HUMAN-B
"""That's what this astonishing ship will be here to do, to find out the facts and find the science with which to deal with problems that are facing the world today and will increasingly do so tomorrow.""",deal with [pron],“这就是这艘令人惊奇的船将要在这里做的事情，以找出事实并找到科学来处理当今世界面临的问题，明天将越来越多地这样做。”,这就是这艘令人惊奇的考察船将要做的事，找出事实，寻求科学之法，以处理当今世界面临的问题，未来将有越来越多的人去这样做。”,0.590889926772484,2020,HUMAN-B
"He added: ""It's backfired on him now, though, that's the sad thing.""",backfire on [pron],他补充说：“尽管如此，他现在适得其反，这是可悲的事情。”,他补充说：“结果却事与愿违，这是非常可悲的。”,0.610311008125192,2020,HUMAN-B
"""It's clear we are going to completely break up this group,"" Duque said in a statement from the United States, where he traveled for the United Nations General Assembly this week.",break up,杜克在美国发表的一份声明中说：“很显然，我们将彻底分拆这个小组。”他本周前往联合国大会旅行。,“我们的目标十分明确，就是彻底打垮这个组织，”杜克在美国发表的一份声明中表示，本周他曾前往美国参加联合国大会。,0.612652547672286,2020,HUMAN-B
"""I thought about asking, and I thought about even using audio footage - that we have to come up with something - and in the end I didn't ask, and I just thought, 'I'm going to respect her new life and not put her in the position of having to ask'.",come up,“我考虑过问，甚至考虑使用音频素材-我们都必须提出一些建议-最后我没有问，我只是想，'我将尊重她的新生活，不要让她处于不得不问的位置。”,“我想过邀请她，还想过使用音频素材（这方面我们得想个办法），但最后我没有开口，因为我觉得“我要尊重她的新生活，不能把她置于必须获邀的境地”。,0.57149329095188,2020,HUMAN-B
JAL and other airlines have yet to come up with way of anticipating seat reservations by serial snorers and passengers who fully recline their seats during in-flight meals.,come up,日航和其他航空公司尚未想出连续打的人和在飞机上用餐时完全躺下的乘客预定座位的方法。,日航和其他航空公司还没有想出办法来预测连续打鼾者和在飞机上用餐时将座椅完全倾斜的乘客预定的座位。,0.731611805035124,2020,HUMAN-B
"In the final series, Rachel's onscreen husband Mike Ross, played by Patrick J Adams, paid a visit from Seattle and was asked how Rachel was getting on.",get on,在最后一个系列中，由帕特里克·J·亚当斯（Patrick J Adams）饰演的蕾切尔（Rachel）的银幕丈夫迈克·罗斯（Mike Ross）来了西雅图，并被问及蕾切尔（Rachel）的状况如何。,在她出演的最后一季中，雷切尔的荧幕老公迈克·罗斯（帕特里克·约翰尼斯·亚当斯饰演）从西雅图来探望了她，被问及她近况如何。,0.391653738628063,2020,HUMAN-B
"""I wish I could trade places with you son, I wish I could trade places with you,"" Guy Alford, the victim's father, said.",trade with [pron] son,受害人的父亲盖伊·艾尔福德说：“我希望我能与您交换儿子的名额，但愿我能与您交换名额。”,受害人的父亲盖伊·阿尔福德说道：“我希望我能和你对换，儿子，我希望我能和你对换啊。”,0.956428405030992,2020,HUMAN-B
"""My wife writes down the numbers for me during the drawing,"" Lancaster said. ""When she handed me the paper, so I could check my ticket, I couldn't believe it. One of my lines matched five numbers and the other ones matched four numbers. I started shouting, 'I got it! I got it! I hit the lottery!'""",get it,兰卡斯特说：“我的妻子在图纸上为我写下了数字。” “当她把纸递给我时，我不敢相信我的票。我的一条线匹配五个数字，另一个线匹配四个数字。我开始大喊：'我知道了！我知道了！我中了彩票！'”,"“抽奖时，我的妻子帮我写下号码，”兰卡斯特说，“当我的妻子把纸递给我，我核对了一下彩票后，我简直不敢相信。其中一行匹配 5 个数字，其余行匹配 4 个数字。我大叫起来，‘我中奖了！中奖了！我中彩票了!'""",0.566574935486636,2020,HUMAN-B
"The battle to avoid the two remaining relegation places went to the wire as Aston Villa scored in the 84th minute, conceded a minute later, then held on for 1-1 draw at West Ham to survive.",go to the wire,存在降级可能的两队争夺战开始后，阿斯顿维拉在第84分钟得分，一分钟后失球，以1-1的比分与西汉姆打平。,存在降级可能的两队争夺战开始后，阿斯顿维拉在第84分钟得分，一分钟后失球，以1-1的比分与西汉姆打平。,0.8503978137508912,2021,translator-A
"""And in particular, you look at the $3 trillion bill she's trying to push, it's just shoveling money to her friends and not actually solving the problem. Our objective should be Americans want to get back to work. They want to be able to provide for their family.""",provide for [pron] family,“值得关注的是，她试图推出3万亿美元救助计划，但其实这并无法真正解决问题。我们应该是让美国人有意愿继续工作，供养家庭。”,“值得关注的是，她试图推出3万亿美元救助计划，但其实这并无法真正解决问题。我们应该是让美国人有意愿继续工作，供养家庭。”,0.2644191172249272,2021,translator-A
"The positive cases came to light after a mass medical screening camp was held at the bank recently, the officials said.",come to light,官方称，该银行是在近期组织的一场全员新冠肺炎筛查工作当中检测发现的确诊病例。,官方称，该银行是在近期组织的一场全员新冠肺炎筛查工作当中检测发现的确诊病例。,0.6020963344895653,2021,translator-A
"""You are always publishing reports on coronavirus or coming up with arguments on Brexit.",come up,您经常发布有关新冠疫情的报告或提出有关英国脱欧的言论。,您经常发布有关新冠疫情的报告或提出有关英国脱欧的言论。,0.8978320310946336,2021,translator-A
"Kim declared a state of emergency and imposed a lockdown on the border city of Kaesong, calling it a ""critical situation in which the vicious virus could be said to have entered the country,"" state news agency KCNA reported.",call it,据国家通讯社KCNA报道，金正恩宣布国家进入紧急状态，并封锁了边境城市开城，称“疑似病例正是通过这里入境的”。,据国家通讯社KCNA报道，金正恩宣布国家进入紧急状态，并封锁了边境城市开城，称“疑似病例正是通过这里入境的”。,0.4315157153347446,2021,translator-A
"The closure of the Ilinden, Kapitan Petko Voyvoda and Makaza checkpoints has increased traffic across the border near Petrich. There are no problems with the transition. There are no queues of trucks. All those waiting go to sea in Greece. Travelers wait about an hour and a half to cross the Tower.",go to sea,由于伊林登（Ilinden）、卡皮坦•佩特科•伏伊伏达（Kapitan Petko Voyvoda）和马卡萨（Makaza）检查站已经封锁，佩特里奇（Petrich）附近跨境人数有所增加。目前尚无问题。没有出现严重交通拥堵情况。想要通过海路前往希腊的旅客大约需要等待一个半小时方可过境。,由于伊林登（Ilinden）、卡皮坦•佩特科•伏伊伏达（Kapitan Petko Voyvoda）和马卡萨（Makaza）检查站已经封锁，佩特里奇（Petrich）附近跨境人数有所增加。目前尚无问题。没有出现严重交通拥堵情况。想要通过海路前往希腊的旅客大约需要等待一个半小时方可过境。,-0.2365822525080011,2021,translator-A
"Yet this National Theater of Greece production unleashes gale-force sound and fury. At its peak, the show hits like a blow to the solar plexus, taking your breath away - the impact is only slightly dulled by watching online.",take breath,但是，这部希腊国家剧院的作品却释放出一种猛烈和愤怒的情绪。这部剧在高潮环节会猛烈刺激人们的神经，让人无法呼吸——视频观看效果不如现场震撼。,但是，这部希腊国家剧院的作品却释放出一种猛烈和愤怒的情绪。这部剧在高潮环节会猛烈刺激人们的神经，让人无法呼吸——视频观看效果不如现场震撼。,-0.1791142622071781,2021,translator-A
"A roast of former press secretary Sarah Huckabee Sanders by comedian Michelle Wolf at the White House Correspondents"" dinner in April 2018 was so vicious that even MSNBC host Mika Brzezinski called it ""deplorable.""",call it,喜剧演员米歇尔•沃尔夫( Michelle Wolf )以犀利的语言吐槽了2018年4月白宫记者招待晚宴和前新闻发布会秘书莎拉•赫卡比•桑德斯（Sarah Huckabee Sanders），甚至MSNBC主持人米卡•布热津斯基（Mika Brzezinski）也称其“令人作呕”。,喜剧演员米歇尔•沃尔夫( Michelle Wolf )以犀利的语言吐槽了2018年4月白宫记者招待晚宴和前新闻发布会秘书莎拉•赫卡比•桑德斯（Sarah Huckabee Sanders），甚至MSNBC主持人米卡•布热津斯基（Mika Brzezinski）也称其“令人作呕”。,-0.184358624166952,2021,translator-A
It is not the first time the renowned bank has come under fire in recent weeks.,come under fire,近几个星期以来，汇丰银行广受抨击。,近几个星期以来，汇丰银行广受抨击。,0.0591949994176646,2021,translator-A
"Elsewhere on the night, Australia's Robert Whittaker edged out England's Darren Till in the middleweight main event, while Russian-born fighter Khamzat Chimaev made history by winning a second bout in 10 days on Fight Island, the shortest-ever period between victories in the modern-era UFC.",make history,同一天晚上，来自澳大利亚的罗伯特•惠特克（Robert Whittaker）在中量级主要赛事中击败了英格兰选手达伦•蒂尔（Darren Till），而俄罗斯籍选手坎扎特•奇马耶夫（Khamzat Chimaev）10天内连续获得Fight Island二场比赛胜利，这是当代UFC最短的连胜记录。,同一天晚上，来自澳大利亚的罗伯特•惠特克（Robert Whittaker）在中量级主要赛事中击败了英格兰选手达伦•蒂尔（Darren Till），而俄罗斯籍选手坎扎特•奇马耶夫（Khamzat Chimaev）10天内连续获得Fight Island二场比赛胜利，这是当代UFC最短的连胜记录。,-0.5986529125692583,2021,translator-A
"Paltrow has two children, Apple (16) and Moses (14), with ex-husband Chris Martin and she wants them to have good values and not get by on their parents fame.",get on [pron] parent,帕特洛与前夫克里斯•马汀(Chris Martin)育有两个孩子，16岁的小苹果（Apple）和14岁的摩西（Moses）；她希望孩子们能够拥有良好的价值观，不依靠父母的名声。,帕特洛与前夫克里斯•马汀(Chris Martin)育有两个孩子，16岁的小苹果（Apple）和14岁的摩西（Moses）；她希望孩子们能够拥有良好的价值观，不依靠父母的名声。,0.0228603987588944,2021,translator-A
"The battle to avoid the two remaining relegation places went to the wire as Aston Villa scored in the 84th minute, conceded a minute later, then held on for 1-1 draw at West Ham to survive.",go to the wire,存在降级可能的两队争夺战开始后，阿斯顿维拉在第84分钟得分，一分钟后失球，以1-1的比分与西汉姆打平。,存在降级可能的两队争夺战开始后，阿斯顿维拉在第84分钟得分，一分钟后失球，以1-1的比分与西汉姆打平。,0.4005863709889181,2021,translator-B
"""And in particular, you look at the $3 trillion bill she's trying to push, it's just shoveling money to her friends and not actually solving the problem. Our objective should be Americans want to get back to work. They want to be able to provide for their family.""",provide for [pron] family,“值得关注的是，她试图推出3万亿美元救助计划，但其实这并无法真正解决问题。我们应该是让美国人有意愿继续工作，供养家庭。”,“值得关注的是，她试图推出3万亿美元救助计划，但其实这并无法真正解决问题。我们应该是让美国人有意愿继续工作，供养家庭。”,0.1468598102659341,2021,translator-B
"The boy had also claimed that his daily sale has been down due to the pandemic and the loss of his stock will put additional financial burden on him, in the video.",put on [pron],男孩称由于新冠疫情肆虐，他每天卖出的鸡蛋数量都减少了很多，由此加重了家里的经济负担。,男孩称由于新冠疫情肆虐，他每天卖出的鸡蛋数量都减少了很多，由此加重了家里的经济负担。,0.0178721366258047,2021,translator-B
"The positive cases came to light after a mass medical screening camp was held at the bank recently, the officials said.",come to light,官方称，该银行是在近期组织的一场全员新冠肺炎筛查工作当中检测发现的确诊病例。,官方称，该银行是在近期组织的一场全员新冠肺炎筛查工作当中检测发现的确诊病例。,0.8108454138535243,2021,translator-B
"""You are always publishing reports on coronavirus or coming up with arguments on Brexit.",come up,您经常发布有关新冠疫情的报告或提出有关英国脱欧的言论。,您经常发布有关新冠疫情的报告或提出有关英国脱欧的言论。,-0.2297560253006665,2021,translator-B
"Kim declared a state of emergency and imposed a lockdown on the border city of Kaesong, calling it a ""critical situation in which the vicious virus could be said to have entered the country,"" state news agency KCNA reported.",call it,据国家通讯社KCNA报道，金正恩宣布国家进入紧急状态，并封锁了边境城市开城，称“疑似病例正是通过这里入境的”。,据国家通讯社KCNA报道，金正恩宣布国家进入紧急状态，并封锁了边境城市开城，称“疑似病例正是通过这里入境的”。,0.0377154134174682,2021,translator-B
It is hard to escape the sense that Watford's habit of flipping managers has run out of road.,run out of road,沃特福德频换更换教练似乎已经无法扭转局势。,沃特福德频换更换教练似乎已经无法扭转局势。,0.4889309179214318,2021,translator-B
"Fortunately I don't feel my age, my legs are still fine and touch wood I don't pick up many injuries, so it's about keeping on top of that and come back as strong as I can next year.""",touch wood,幸运的是，我没有感到年龄给我带来多大的问题，我的身体状态还好，要继续保持，下个赛季请大家等待更好的我归来。”,幸运的是，我没有感到年龄给我带来多大的问题，我的身体状态还好，要继续保持，下个赛季请大家等待更好的我归来。”,-0.3724872530275325,2021,translator-B
"The closure of the Ilinden, Kapitan Petko Voyvoda and Makaza checkpoints has increased traffic across the border near Petrich. There are no problems with the transition. There are no queues of trucks. All those waiting go to sea in Greece. Travelers wait about an hour and a half to cross the Tower.",go to sea,由于伊林登（Ilinden）、卡皮坦•佩特科•伏伊伏达（Kapitan Petko Voyvoda）和马卡萨（Makaza）检查站已经封锁，佩特里奇（Petrich）附近跨境人数有所增加。目前尚无问题。没有出现严重交通拥堵情况。想要通过海路前往希腊的旅客大约需要等待一个半小时方可过境。,由于伊林登（Ilinden）、卡皮坦•佩特科•伏伊伏达（Kapitan Petko Voyvoda）和马卡萨（Makaza）检查站已经封锁，佩特里奇（Petrich）附近跨境人数有所增加。目前尚无问题。没有出现严重交通拥堵情况。想要通过海路前往希腊的旅客大约需要等待一个半小时方可过境。,1.005030051610648,2021,translator-B
"Yet this National Theater of Greece production unleashes gale-force sound and fury. At its peak, the show hits like a blow to the solar plexus, taking your breath away - the impact is only slightly dulled by watching online.",take breath,但是，这部希腊国家剧院的作品却释放出一种猛烈和愤怒的情绪。这部剧在高潮环节会猛烈刺激人们的神经，让人无法呼吸——视频观看效果不如现场震撼。,但是，这部希腊国家剧院的作品却释放出一种猛烈和愤怒的情绪。这部剧在高潮环节会猛烈刺激人们的神经，让人无法呼吸——视频观看效果不如现场震撼。,0.6011581248657253,2021,translator-B
It is not the first time the renowned bank has come under fire in recent weeks.,come under fire,近几个星期以来，汇丰银行广受抨击。,近几个星期以来，汇丰银行广受抨击。,0.1660256713719812,2021,translator-B
"Elsewhere on the night, Australia's Robert Whittaker edged out England's Darren Till in the middleweight main event, while Russian-born fighter Khamzat Chimaev made history by winning a second bout in 10 days on Fight Island, the shortest-ever period between victories in the modern-era UFC.",make history,同一天晚上，来自澳大利亚的罗伯特•惠特克（Robert Whittaker）在中量级主要赛事中击败了英格兰选手达伦•蒂尔（Darren Till），而俄罗斯籍选手坎扎特•奇马耶夫（Khamzat Chimaev）10天内连续获得Fight Island二场比赛胜利，这是当代UFC最短的连胜记录。,同一天晚上，来自澳大利亚的罗伯特•惠特克（Robert Whittaker）在中量级主要赛事中击败了英格兰选手达伦•蒂尔（Darren Till），而俄罗斯籍选手坎扎特•奇马耶夫（Khamzat Chimaev）10天内连续获得Fight Island二场比赛胜利，这是当代UFC最短的连胜记录。,-0.3413151198814227,2021,translator-B
"Keep in mind, however, that mounts will need to be cared for, housed and protected as they can die in combat.",keep in mind,不过，请记住，坐骑需要照顾、安置和保护，因为它们可能会在战斗中死去。,不过，请记住，坐骑需要照顾、安置和保护，因为它们可能会在战斗中死去。,-1.298238227544509,2022,translator-A
Other security solutions just don’t have the resources to keep up with new threats as they emerge.,keep up,其他安全解决方案没有资源来应对新出现的威胁。,其他安全解决方案没有资源来应对新出现的威胁。,0.34468619585736,2022,translator-A
Iranian officials have previously said they were sticking to their tough stance.,stick to [pron] tough stance,伊朗官员此前曾表示，他们将坚持自己的强硬立场。,伊朗官员此前曾表示，他们将坚持自己的强硬立场。,0.3438849798288761,2022,translator-A
"However I recommend you resetting it from your computer, even if you are logged in on your computer, this is for you to remember your password, as this information is important to know by memory",log on [pron] computer,不过，即使您从电脑登录，我还是建议您从电脑重置，这是为了让您记住密码，因为这些信息很重要，必须记住,不过，即使您从电脑登录，我还是建议您从电脑重置，这是为了让您记住密码，因为这些信息很重要，必须记住,-0.96748063456707,2022,translator-A
For all the criticism of our Government not a single nation has got it exactly right.,get it,尽管我国政府受到各种批评，但没有一个国家的批评是完全正确的。,尽管我国政府受到各种批评，但没有一个国家的批评是完全正确的。,-0.8055480229440921,2022,translator-A
"Sold for £25 ($33) plus VAT and limited to only one item per person at several shops, the shirt has been in such demand that people queued around blocks to get it.",get it,这款衬衫的售价为 25 英镑（33 美元），外加增值税，几家商店要求每人限购一件，由于供不应求，有些人在几个街区排队后才买到。,这款衬衫的售价为 25 英镑（33 美元），外加增值税，几家商店要求每人限购一件，由于供不应求，有些人在几个街区排队后才买到。,0.8626769182056334,2022,translator-A
But their scrum was offering a foothold in the game and it took feverish defence to keep their maul at bay until they produced the first of two turnovers in quick succession.,keep at bay,但他们的争球为他们在比赛中提供了一个立足点，他们需要疯狂防守来阻止他们的惨败，直到他们第一次连续两次迅速造成失误。,但他们的争球为他们在比赛中提供了一个立足点，他们需要疯狂防守来阻止他们的惨败，直到他们第一次连续两次迅速造成失误。,0.3965102030583139,2022,translator-A
"It concluded an exhilarating spell of end-to-end rugby in which the rivals took it in turns to attack from deep and, having been at the heart of the home advances, Barbeary delivered the telling blow.",take it,这场比赛结束了一段令人兴奋的连续橄榄球比赛，在这场比赛中，对手们轮流纵深进攻，作为主场进攻的核心，巴巴里发出了有力的一击。,这场比赛结束了一段令人兴奋的连续橄榄球比赛，在这场比赛中，对手们轮流纵深进攻，作为主场进攻的核心，巴巴里发出了有力的一击。,0.4552307070284456,2022,translator-A
"Amit Yoran, CEO of the cybersecurity firm Tenable, called it ""the single biggest, most critical vulnerability of the last decade"" - and possibly the biggest in the history of modern computing.",call it,网络安全公司 Tenable 的首席执行官阿米特·约兰 (Amit Yoran) 称其为“过去十年中最大、最关键的漏洞”——可能是现代计算机史上最大的漏洞。,网络安全公司 Tenable 的首席执行官阿米特·约兰 (Amit Yoran) 称其为“过去十年中最大、最关键的漏洞”——可能是现代计算机史上最大的漏洞。,0.4008215453942931,2022,translator-A
"This week the UN's humanitarian chief warned that Afghanistan's economic collapse was ""happening before our eyes"" and urged the international community to take action to stop ""the freefall"" before it leads to more deaths.",happen before [pron] eye,本周，联合国人道主义事务负责人警告说，阿富汗经济的崩溃“正在我们眼前发生”，并敦促国际社会采取行动，防止其“自由落体”，以免造成更多的死亡。,本周，联合国人道主义事务负责人警告说，阿富汗经济的崩溃“正在我们眼前发生”，并敦促国际社会采取行动，防止其“自由落体”，以免造成更多的死亡。,-1.0935641459489274,2022,translator-A
Step 8: Sign our names on a sheet of paper as we left to be clocked out.,clock out,步骤 8：离开时在纸上签名，代替下班打卡。,步骤 8：离开时在纸上签名，代替下班打卡。,0.3680521637245662,2022,translator-A
I agree with you.,agree with [pron],我同意你的看法。,我同意你的看法。,0.26900415632434,2022,translator-A
"Even if I'm not in the income level that would pay more taxes, I can still buy fewer things that are more expensive so that they can be made by people making a living wage and I can be willing to wait a few days to get it so that some gig worker doesn't have to be worked to the bone...",get it,即使我的收入水平到不了要缴纳更多税费的层次，我仍然可以少买贵的东西，给制造它们的人以谋生的机会，我愿意多等几天，这样一些零工工人就不用拼命工作了……,即使我的收入水平到不了要缴纳更多税费的层次，我仍然可以少买贵的东西，给制造它们的人以谋生的机会，我愿意多等几天，这样一些零工工人就不用拼命工作了……,0.6290766466636685,2022,translator-A
I printed out the page and took it to my local shop.,take it,我把网页打印出来，拿到了当地的一家门店。,我把网页打印出来，拿到了当地的一家门店。,0.4738011147011408,2022,translator-A
"If someone comes to me and tells me that they're working to get out of a financially abusive relationship and their abuser looks at their paystubs,",come to [pron],如果有人来找我，说他们正在努力摆脱一段经济虐待关系，而施虐者知晓他们的工资单，,如果有人来找我，说他们正在努力摆脱一段经济虐待关系，而施虐者知晓他们的工资单，,0.7791068509717219,2022,translator-A
"But I was told his pants started falling down, and he was struggling to pull them up while running and pushing a cart with a heavy socket set.",pull up,他跑着跑着，裤子就掉了，他一边往上拉裤子，一边跑，一边还推着车，车里放着沉重的套筒扳手组。,他跑着跑着，裤子就掉了，他一边往上拉裤子，一边跑，一边还推着车，车里放着沉重的套筒扳手组。,-0.5595107968861374,2022,translator-A
He's clearly trying to get back in their good graces by hyping up an issue that isn't an immediate priority to make it seem like he's done a terrific job and is a terrific person!,get in [pron] good grace,他显然是想通过解决一个并非当务之急的问题来重新赢得他们的好感，让人觉得他做的事很了不起，他本人也很了不起！,他显然是想通过解决一个并非当务之急的问题来重新赢得他们的好感，让人觉得他做的事很了不起，他本人也很了不起！,-1.3251318884802736,2022,translator-A
"If I only bathe once a week (but shower every 2 days or so) and the heater has enough water for quick showers, is it worth turning up the heat for the once a week bath?",turn up,如果我一周只在浴缸里洗一次澡（但每两天左右淋浴一次），而且热水器里的水已经足够冲澡了，那么就为了一周使用一次浴缸，值得把热水器温度调高吗？,如果我一周只在浴缸里洗一次澡（但每两天左右淋浴一次），而且热水器里的水已经足够冲澡了，那么就为了一周使用一次浴缸，值得把热水器温度调高吗？,0.5520770433715267,2022,translator-A
I turned up the heat just a little and it did the trick.,turn up,我把温度调高一点，就可以达到我想要的效果了。,我把温度调高一点，就可以达到我想要的效果了。,0.6050849207955812,2022,translator-A
It’s hard to get to so I’m leaving it at that temp and calling it a day.,call it,温度调来调去很麻烦，所以我就一直保持这个温度了，今天就到此为止吧。,温度调来调去很麻烦，所以我就一直保持这个温度了，今天就到此为止吧。,0.4990691659474723,2022,translator-A
"Instead of going there, the bridge crew would take a turbolift ride right past it all the way down to deck 13.",take it,桥上的工作人员没有去过这里，只是乘坐涡轮增压机直接经过它一直前往 13 号甲板。,桥上的工作人员没有去过这里，只是乘坐涡轮增压机直接经过它一直前往 13 号甲板。,0.3506139831886113,2022,translator-A
"Keep in mind, however, that mounts will need to be cared for, housed and protected as they can die in combat.",keep in mind,不过，请记住，坐骑需要照顾、安置和保护，因为它们可能会在战斗中死去。,不过，请记住，坐骑需要照顾、安置和保护，因为它们可能会在战斗中死去。,0.2764477295915606,2022,translator-B
Other security solutions just don’t have the resources to keep up with new threats as they emerge.,keep up,其他安全解决方案没有资源来应对新出现的威胁。,其他安全解决方案没有资源来应对新出现的威胁。,0.4285228206205925,2022,translator-B
Iranian officials have previously said they were sticking to their tough stance.,stick to [pron] tough stance,伊朗官员此前曾表示，他们将坚持自己的强硬立场。,伊朗官员此前曾表示，他们将坚持自己的强硬立场。,0.2775181867929614,2022,translator-B
"However I recommend you resetting it from your computer, even if you are logged in on your computer, this is for you to remember your password, as this information is important to know by memory",log on [pron] computer,不过，即使您从电脑登录，我还是建议您从电脑重置，这是为了让您记住密码，因为这些信息很重要，必须记住,不过，即使您从电脑登录，我还是建议您从电脑重置，这是为了让您记住密码，因为这些信息很重要，必须记住,-0.9729381379817852,2022,translator-B
For all the criticism of our Government not a single nation has got it exactly right.,get it,尽管我国政府受到各种批评，但没有一个国家的批评是完全正确的。,尽管我国政府受到各种批评，但没有一个国家的批评是完全正确的。,-1.0965814637096205,2022,translator-B
"Sold for £25 ($33) plus VAT and limited to only one item per person at several shops, the shirt has been in such demand that people queued around blocks to get it.",get it,这款衬衫的售价为 25 英镑（33 美元），外加增值税，几家商店要求每人限购一件，由于供不应求，有些人在几个街区排队后才买到。,这款衬衫的售价为 25 英镑（33 美元），外加增值税，几家商店要求每人限购一件，由于供不应求，有些人在几个街区排队后才买到。,0.4747191270398778,2022,translator-B
But their scrum was offering a foothold in the game and it took feverish defence to keep their maul at bay until they produced the first of two turnovers in quick succession.,keep at bay,但他们的争球为他们在比赛中提供了一个立足点，他们需要疯狂防守来阻止他们的惨败，直到他们第一次连续两次迅速造成失误。,但他们的争球为他们在比赛中提供了一个立足点，他们需要疯狂防守来阻止他们的惨败，直到他们第一次连续两次迅速造成失误。,-0.95871660692614,2022,translator-B
"It concluded an exhilarating spell of end-to-end rugby in which the rivals took it in turns to attack from deep and, having been at the heart of the home advances, Barbeary delivered the telling blow.",take it,这场比赛结束了一段令人兴奋的连续橄榄球比赛，在这场比赛中，对手们轮流纵深进攻，作为主场进攻的核心，巴巴里发出了有力的一击。,这场比赛结束了一段令人兴奋的连续橄榄球比赛，在这场比赛中，对手们轮流纵深进攻，作为主场进攻的核心，巴巴里发出了有力的一击。,-1.1325808850448291,2022,translator-B
"Amit Yoran, CEO of the cybersecurity firm Tenable, called it ""the single biggest, most critical vulnerability of the last decade"" - and possibly the biggest in the history of modern computing.",call it,网络安全公司 Tenable 的首席执行官阿米特·约兰 (Amit Yoran) 称其为“过去十年中最大、最关键的漏洞”——可能是现代计算机史上最大的漏洞。,网络安全公司 Tenable 的首席执行官阿米特·约兰 (Amit Yoran) 称其为“过去十年中最大、最关键的漏洞”——可能是现代计算机史上最大的漏洞。,0.4756996449090981,2022,translator-B
"This week the UN's humanitarian chief warned that Afghanistan's economic collapse was ""happening before our eyes"" and urged the international community to take action to stop ""the freefall"" before it leads to more deaths.",happen before [pron] eye,本周，联合国人道主义事务负责人警告说，阿富汗经济的崩溃“正在我们眼前发生”，并敦促国际社会采取行动，防止其“自由落体”，以免造成更多的死亡。,本周，联合国人道主义事务负责人警告说，阿富汗经济的崩溃“正在我们眼前发生”，并敦促国际社会采取行动，防止其“自由落体”，以免造成更多的死亡。,0.2954469458521516,2022,translator-B
Step 8: Sign our names on a sheet of paper as we left to be clocked out.,clock out,步骤 8：离开时在纸上签名，代替下班打卡。,步骤 8：离开时在纸上签名，代替下班打卡。,0.4514476691601529,2022,translator-B
I agree with you.,agree with [pron],我同意你的看法。,我同意你的看法。,0.3260661665161828,2022,translator-B
"Even if I'm not in the income level that would pay more taxes, I can still buy fewer things that are more expensive so that they can be made by people making a living wage and I can be willing to wait a few days to get it so that some gig worker doesn't have to be worked to the bone...",get it,即使我的收入水平到不了要缴纳更多税费的层次，我仍然可以少买贵的东西，给制造它们的人以谋生的机会，我愿意多等几天，这样一些零工工人就不用拼命工作了……,即使我的收入水平到不了要缴纳更多税费的层次，我仍然可以少买贵的东西，给制造它们的人以谋生的机会，我愿意多等几天，这样一些零工工人就不用拼命工作了……,0.3778227008838309,2022,translator-B
I printed out the page and took it to my local shop.,take it,我把网页打印出来，拿到了当地的一家门店。,我把网页打印出来，拿到了当地的一家门店。,-0.8652047602393869,2022,translator-B
"If someone comes to me and tells me that they're working to get out of a financially abusive relationship and their abuser looks at their paystubs,",come to [pron],如果有人来找我，说他们正在努力摆脱一段经济虐待关系，而施虐者知晓他们的工资单，,如果有人来找我，说他们正在努力摆脱一段经济虐待关系，而施虐者知晓他们的工资单，,0.6257636222149017,2022,translator-B
"But I was told his pants started falling down, and he was struggling to pull them up while running and pushing a cart with a heavy socket set.",pull up,他跑着跑着，裤子就掉了，他一边往上拉裤子，一边跑，一边还推着车，车里放着沉重的套筒扳手组。,他跑着跑着，裤子就掉了，他一边往上拉裤子，一边跑，一边还推着车，车里放着沉重的套筒扳手组。,0.3410116287085317,2022,translator-B
He's clearly trying to get back in their good graces by hyping up an issue that isn't an immediate priority to make it seem like he's done a terrific job and is a terrific person!,get in [pron] good grace,他显然是想通过解决一个并非当务之急的问题来重新赢得他们的好感，让人觉得他做的事很了不起，他本人也很了不起！,他显然是想通过解决一个并非当务之急的问题来重新赢得他们的好感，让人觉得他做的事很了不起，他本人也很了不起！,0.5817967792496715,2022,translator-B
"If I only bathe once a week (but shower every 2 days or so) and the heater has enough water for quick showers, is it worth turning up the heat for the once a week bath?",turn up,如果我一周只在浴缸里洗一次澡（但每两天左右淋浴一次），而且热水器里的水已经足够冲澡了，那么就为了一周使用一次浴缸，值得把热水器温度调高吗？,如果我一周只在浴缸里洗一次澡（但每两天左右淋浴一次），而且热水器里的水已经足够冲澡了，那么就为了一周使用一次浴缸，值得把热水器温度调高吗？,0.7138115412567401,2022,translator-B
I turned up the heat just a little and it did the trick.,turn up,我把温度调高一点，就可以达到我想要的效果了。,我把温度调高一点，就可以达到我想要的效果了。,0.7138115412567401,2022,translator-B
It’s hard to get to so I’m leaving it at that temp and calling it a day.,call it,温度调来调去很麻烦，所以我就一直保持这个温度了，今天就到此为止吧。,温度调来调去很麻烦，所以我就一直保持这个温度了，今天就到此为止吧。,0.5677382381346241,2022,translator-B
"Instead of going there, the bridge crew would take a turbolift ride right past it all the way down to deck 13.",take it,桥上的工作人员没有去过这里，只是乘坐涡轮增压机直接经过它一直前往 13 号甲板。,桥上的工作人员没有去过这里，只是乘坐涡轮增压机直接经过它一直前往 13 号甲板。,0.382242030865777,2022,translator-B
All our efforts will help them make it through this journey.,make it,我们将尽一切努力帮助他们度过这段艰难的时光。,我们将尽一切努力帮助他们度过这段艰难的时光。,0.5340908360651735,2023,Human-refA
Super awesome light My 5 year old absolutely loved this light It didn’t last long he got it for his birthday in January it’s February already has trouble with the buttons and doesn’t run bright with plug in eats up batteries even tried recharging batteries Super cool but needs improvement,get it,超级棒的灯。我 5 岁的孩子非常喜欢这个灯，它续航不长，他在一月份过生日时得到的，现在是二月份，按钮已经有问题了，插上电源后不亮了，耗尽了电池，甚至尝试给电池充电。超级酷，但需要改进。,超级棒的灯。我 5 岁的孩子非常喜欢这个灯，它续航不长，他在一月份过生日时得到的，现在是二月份，按钮已经有问题了，插上电源后不亮了，耗尽了电池，甚至尝试给电池充电。超级酷，但需要改进。,0.1023405130471085,2023,Human-refA
"Once you start to read this book, it’s hard to put down.",put down,一旦你开始读这本书，就很难放下。,一旦你开始读这本书，就很难放下。,0.6534953597701363,2023,Human-refA
"Two adults came in to break up the attack, with one adult pulling the teens apart.",break up,两个成年人进来制止袭击，其中一个成年人把这些青少年拉开。,两个成年人进来制止袭击，其中一个成年人把这些青少年拉开。,0.4030046322971986,2023,Human-refA
The book was hard to keep up with as it jumped around a lot.,keep up,这本书很难跟上，因为它跳来跳去。,这本书很难跟上，因为它跳来跳去。,0.2411442207418516,2023,Human-refA
"While I loved the premise of this story, and at times Grady, he really got on my nerves.",get on [pron] nerve,虽然我喜欢这个故事的前提，有时格雷迪，他真的让我心烦意乱。,虽然我喜欢这个故事的前提，有时格雷迪，他真的让我心烦意乱。,-0.1054671558048923,2023,Human-refA
"So, I call it ""do-it-yourself integration"".",call it,所以，我称之为“自己动手整合”。,所以，我称之为“自己动手整合”。,0.7024965238992121,2023,Human-refA
"So, this do-it-yourself integration is important, because otherwise it will all remain on you, [PERSON8], and you don't want to be overloaded.",remain on [pron],因此，这种“自己动手”的整合非常重要，因为否则这一切都将由您来承担，[PERSON8]，而您不想超负荷工作。,因此，这种“自己动手”的整合非常重要，因为否则这一切都将由您来承担，[PERSON8]，而您不想超负荷工作。,0.2429112827188273,2023,Human-refA
"So, you are very busy with this, I don't want to put any other things on you, so let me start with the reminders.",put on [pron],所以，你很忙，我不想把任何其他事情放在你身上，所以让我从提醒开始。,所以，你很忙，我不想把任何其他事情放在你身上，所以让我从提醒开始。,0.2261216343395117,2023,Human-refA
Unfortunately only had it a week and opened the one door and it cracked the top of the wood piece!,have it,不幸的是，它只有一个星期，打开了一扇门，木块的顶部裂开了！,不幸的是，它只有一个星期，打开了一扇门，木块的顶部裂开了！,-0.2281798740344756,2023,Human-refA
A few very small difficulties have come to light.,come to light,一些细微困难已经表现出来。,一些细微困难已经表现出来。,0.3706220520508803,2023,Human-refA
"I'm happy that a few people have come to me in private and said ""look, because of all your work, I'm gonna grant you this amount of money"".",come to [pron],我很开心有几个人私下来找我，说“看，鉴于你完成的所有工作，这些钱是我给你的奖励”。,我很开心有几个人私下来找我，说“看，鉴于你完成的所有工作，这些钱是我给你的奖励”。,0.6106820773337589,2023,Human-refA
"Months after the fashion house came under heat for promotional images that critics said sexualized children, Balenciaga artistic director Demna (full name Demna Gvasalia) said he's still sorry for the images in an interview with Vogue published Friday.",come under heat,几个月前，巴黎世家的宣传图片遭到批评，称这些图片将儿童色情化。几个月后，巴黎世家的艺术总监 Demna（全名 Demna Gvasalia）在周五接受《Vogue》采访时表示，他再次对这些图片表示抱歉。,几个月前，巴黎世家的宣传图片遭到批评，称这些图片将儿童色情化。几个月后，巴黎世家的艺术总监 Demna（全名 Demna Gvasalia）在周五接受《Vogue》采访时表示，他再次对这些图片表示抱歉。,0.0495288524461011,2023,Human-refA
They already ran out of land.,run out of land,他们已经没有土地了。,他们已经没有土地了。,0.8388815794494118,2023,Human-refA
"And said that ""we've said, you need a plan. We want them to vet it with us.""",vet with [pron],并说“我们已经说过，你需要一个计划。我们想让他们和我们一起检查。”,并说“我们已经说过，你需要一个计划。我们想让他们和我们一起检查。”,0.2740550333221586,2023,Human-refA
"Polis stated that he wishes that more time was spent on the issue of immigration during the meeting of governors at the White House, but the issue ""came up.""",come up,波利斯表示，他希望在白宫举行的州长会议期间，在移民问题上花更多的时间，但这个问题“出现了”。,波利斯表示，他希望在白宫举行的州长会议期间，在移民问题上花更多的时间，但这个问题“出现了”。,0.6352444671922773,2023,Human-refA
We want them to vet it with us.,vet with [pron],我们想让他们和我们一起检查。,我们想让他们和我们一起检查。,0.5485360021514608,2023,Human-refA
I'd never seen anyone's mom make it or had it shoved at me at a party or seen it appear in conjunction with anyone's saucemaking escapades or baking days,make it,我从未见过别的妈妈做这道菜，或在聚会上推荐给我，也没有看到它与任何人的酱料恶搞或烘焙日餐品一起出现过,我从未见过别的妈妈做这道菜，或在聚会上推荐给我，也没有看到它与任何人的酱料恶搞或烘焙日餐品一起出现过,0.3647356379676092,2023,Human-refA
"But I feel somehow I started this instance on the wrong foot, so to speak.",start on the wrong foot,但我觉得不知何故，我一开始就走错了路，可以这么说。,但我觉得不知何故，我一开始就走错了路，可以这么说。,0.0072777681149033,2023,Human-refA
"I hit most of the classics before eighteen--though that's more a reflection of living in bumfuck nowhere, I also read the 1979 Encyclopedia Brittanica in desperation.",live in bumfuck,18 岁前，我接触了大部分经典著作——尽管这一点更能印证我生活在一个不知名的地方，而我又身披绝望地去读了 1979 年的大英百科全书。,18 岁前，我接触了大部分经典著作——尽管这一点更能印证我生活在一个不知名的地方，而我又身披绝望地去读了 1979 年的大英百科全书。,0.4219045886844632,2023,Human-refA
"When I try to get it into the port to charge it, however, it launches right back out.",get it,然而，当我试图将它放入端口进行充电时，它马上就启动了。,然而，当我试图将它放入端口进行充电时，它马上就启动了。,-0.718962869244031,2023,Human-refA
"Well, it still sounds better than Pink Floyd, so in Manic Miner, you collect all the items on the screen and head to the goal. And you gotta do it before you run out of air or hit something. Hit what exactly? Weeds! You can die from touching grass. It sounds like half my fanbase. And did you notice I died from touching a weed that was on a completely different platform? I just went through the platform and then hit the weed. That's good game design, man. And then there's this asshole over here who's gone.",run out of air,听起来还是比Pink Floyd强。在《疯狂矿工》中，你收集屏幕上的所有物品，然后直奔目标。而且得在用完氧气或碰到东西之前。到底是碰到什么呢？野草！你可能会因为碰到野草而挂掉。听起来像是我的半个粉丝团。你有没有注意到，我是因为碰了一根长在完全不同平台上的杂草挂掉的？我刚好穿过平台，就碰到了野草。嘿，这个游戏设计不错。然后呢，这边还有个混蛋在叫！,听起来还是比Pink Floyd强。在《疯狂矿工》中，你收集屏幕上的所有物品，然后直奔目标。而且得在用完氧气或碰到东西之前。到底是碰到什么呢？野草！你可能会因为碰到野草而挂掉。听起来像是我的半个粉丝团。你有没有注意到，我是因为碰了一根长在完全不同平台上的杂草挂掉的？我刚好穿过平台，就碰到了野草。嘿，这个游戏设计不错。然后呢，这边还有个混蛋在叫！,-2.395169425566189,2024,refA
"No shit, I silently voiced to myself. Attempting to lockpick the chains that wrapped around his arms, voices closed in on our location, the faint footsteps growing ever louder. “Quick! Get back in the vent, and leave. Do not come back. If we meet again, it won’t be in this city.” He said hurriedly, the flash of panic on his face didn’t help my nerves at all. Listening to his advice. I couldn’t bring myself to stay longer. Fuck, Al. I quickly ran for it after exiting the vent; it hurt a bit to lose such an invaluable friend. Were they moving him to the…other city? So many things were flicking through my slightly scattered mind, and most of them were angry but sad. I’d done numerous kinds of research on the outer cities, and the capital of the infected, Alcatraz, which they named after the prison – felt like it fit the name pretty well from what I’d read. Not to mention the unmutated had cut any remaining connecting land with infected land, it was…tragic.",run for [pron],别说废话了，我默默地对自己说。我试图撬开缠绕在他双臂上的铁链。这时，有说话声向我们逼近，微弱的脚步声也变得越来越响。“快！回去通风孔，然后离开。别再回来了。如果我们还能再见面，不会是在这座城市。” 他焦急地说着，脸上闪过一丝恐慌，我的神经绷得更紧了。我听了他的劝告。我不能再让自己呆下去了。笨蛋，艾尔。从通风孔里爬出来，我撒腿就跑；失去这样一位弥足珍贵的朋友真让人有点伤心。他们会把他绑架到其他城市吗？我的思绪有有点杂乱，太多的事情在脑海中闪过，大多让人愤怒而悲伤。我曾对外围城区和被感染区Alcatraz做过很多调查——Alcatraz的名字来自那座监狱，从了解到的信息看，这个名字还挺贴切。更何况，未变异者已经切断了被感染区域与外界的所有联系，那真是——太惨了。,别说废话了，我默默地对自己说。我试图撬开缠绕在他双臂上的铁链。这时，有说话声向我们逼近，微弱的脚步声也变得越来越响。“快！回去通风孔，然后离开。别再回来了。如果我们还能再见面，不会是在这座城市。” 他焦急地说着，脸上闪过一丝恐慌，我的神经绷得更紧了。我听了他的劝告。我不能再让自己呆下去了。笨蛋，艾尔。从通风孔里爬出来，我撒腿就跑；失去这样一位弥足珍贵的朋友真让人有点伤心。他们会把他绑架到其他城市吗？我的思绪有有点杂乱，太多的事情在脑海中闪过，大多让人愤怒而悲伤。我曾对外围城区和被感染区Alcatraz做过很多调查——Alcatraz的名字来自那座监狱，从了解到的信息看，这个名字还挺贴切。更何况，未变异者已经切断了被感染区域与外界的所有联系，那真是——太惨了。,-0.5606103857499594,2024,refA
"The days rolled past before I could even realize it. It was a few days since Alborn was taken away – to where I had no clue, but I knew he was taken somewhere. Those outfits seemed familiar, but no way was I going to figure it out on the first try. Sighing, I placed my hands on the system in front of me, emanating a red and purple glow – I could hack the security, the place isn’t far, and I doubt they took measures...Maybe I shouldn’t. Of course, against all morals, my fingers moved without my knowing, pulling up multiple screens; god I’m good. I was pretty popular on a couple of websites, they referred to me as “WRAITH.” Which was a pretty catchy name. Granted my name on any site is WR417H, but I like to think the public came up with it.",pull up,日子在无意识中一天天过去。艾尔伯恩被带走已经几天了——我不知道他被带去了哪里，但肯定在某个地方。那些人的穿着很眼熟，一时之间却也难以回忆起来。我叹了口气 ，双手放在面前的系统上，一道红紫色亮光随之射出——我可以黑进他们的安全系统，那地方也不远，而且我怀疑他们没有采取任何措施……或许我不该这么做。当然，尽管道德上不允许 ，我的手指却在无意识地移动，拉出来好几个屏幕。天哪，我还挺在行。我在几家网站上很受欢迎，人称“幽灵”。 挺响亮的名字。的确我的网名一直都是WR417H，不过我倒愿意这名字是大家伙给我取的。,日子在无意识中一天天过去。艾尔伯恩被带走已经几天了——我不知道他被带去了哪里，但肯定在某个地方。那些人的穿着很眼熟，一时之间却也难以回忆起来。我叹了口气 ，双手放在面前的系统上，一道红紫色亮光随之射出——我可以黑进他们的安全系统，那地方也不远，而且我怀疑他们没有采取任何措施……或许我不该这么做。当然，尽管道德上不允许 ，我的手指却在无意识地移动，拉出来好几个屏幕。天哪，我还挺在行。我在几家网站上很受欢迎，人称“幽灵”。 挺响亮的名字。的确我的网名一直都是WR417H，不过我倒愿意这名字是大家伙给我取的。,0.6303638151031868,2024,refA
"""I APOLOGIZE BUT I PICKED UP A SCENT. I HAD TO DEAL WITH IT!""",deal with [pron],“很抱歉，我闻到了气味。我得处理一下！”,“很抱歉，我闻到了气味。我得处理一下！”,0.3752310006075844,2024,refA
"""Did you have to drag us along as well?"" Tenuk snapped as he climbed off Thassalin's back, sliding down his tail. ""And we left Retvik behind! We abandoned our big, strong, fighty guy! How is he going to get to us?""",get to [pron],“你非得把我们也拖着走吗？” 特努克从萨萨林背上爬下，顺着尾巴滑下来，厉声问道。“我们把雷特维克抛在了后面！我们摆脱了这个好斗的大块头！他要怎么找到我们？”,“你非得把我们也拖着走吗？” 特努克从萨萨林背上爬下，顺着尾巴滑下来，厉声问道。“我们把雷特维克抛在了后面！我们摆脱了这个好斗的大块头！他要怎么找到我们？”,-0.2938140338494813,2024,refA
"But no, I stand by it. Most natural speech is broken up, especially when people get emotional.",break up,不，我坚持这一点。大多数自然语言都是断断续续的，尤其是说话者情绪激动时。,不，我坚持这一点。大多数自然语言都是断断续续的，尤其是说话者情绪激动时。,0.5295247775841565,2024,refA
"While the rescue force patrols the city, we'll take care of watching over the museum in the box. It wouldn't be a good idea for the villains to try and steal the cabbonita with us waiting inside. We've run out of money! We'll have to steal that diamond and sell it! Otherwise, we'll have to do our experiments with solar pap. How are we going to get the bots inside? It's all taken care of.",run out of money,救援队在城里巡逻的时候，我们会看守箱子里的博物馆。 有我们在里面等着，坏蛋们去偷Cabbonita可不是什么好主意。 我们没钱了！我们得把那颗钻石偷出来卖掉！不然，我们就只能拿汽水做实验了！ 我们怎么把机器人弄进去？ 都安排好了。,救援队在城里巡逻的时候，我们会看守箱子里的博物馆。 有我们在里面等着，坏蛋们去偷Cabbonita可不是什么好主意。 我们没钱了！我们得把那颗钻石偷出来卖掉！不然，我们就只能拿汽水做实验了！ 我们怎么把机器人弄进去？ 都安排好了。,-1.2701996754891098,2024,refA
"Hello world PDR coming at you here with a 2018 brand new Yukon Denali. It's got a little dent right here in the back quarter. I've got it not super warm. I've got it 95, that's maybe a little too warm. I'm going to turn this down. We're just going to do a quick little glue. I've got the glue all hot and ready. Can you guys see where that dent is, I'm just going to drop it right in there and then maybe even remove the heat.",get it,大家好，World PD为您带来2018款全新Yukon Denali。它的后面这里有个小凹痕。我把它调了一下，调到不是很热。我调到了95。可能有点太热了。我再把它调低点。我们要快速地用胶水拉一下。我把胶水都热好了。大家能看到凹痕在哪里吗？我会直接指它扔到那里面，散掉热量。,大家好，World PD为您带来2018款全新Yukon Denali。它的后面这里有个小凹痕。我把它调了一下，调到不是很热。我调到了95。可能有点太热了。我再把它调低点。我们要快速地用胶水拉一下。我把胶水都热好了。大家能看到凹痕在哪里吗？我会直接指它扔到那里面，散掉热量。,-0.6353408817410586,2024,refA
"The king, Labella, is said to have travelled the 1,600 miles to Jerusalem. Legend has it, when he returned and Jerusalem fell to the Islamic conquest, Lalabella ordered a new home for Christianity. Each church was carved from a single piece of rock to symbolize spirituality and humility. The Christian faith inspired many features receiving biblical names, even Lalabella's river is known as the River Jordan. Lalabella remained the capital of Ethiopia from the late 12th to the 13th century.",have it,据说国王拉利贝拉曾跋涉1600英里来到耶路撒冷。传说中，拉利贝拉回国后，耶路撒冷被伊斯兰教徒征服，于是，拉利贝拉下令为基督徒建立了一个新家。每座教堂都由一整块岩石雕刻而成，象征着灵性和谦卑。基督教信仰启发了许多生物以圣经中的名字命名。甚至拉利贝拉之河也被称为约旦河。12世纪末到13世纪，拉利贝拉一直是埃塞俄比亚的首都。,据说国王拉利贝拉曾跋涉1600英里来到耶路撒冷。传说中，拉利贝拉回国后，耶路撒冷被伊斯兰教徒征服，于是，拉利贝拉下令为基督徒建立了一个新家。每座教堂都由一整块岩石雕刻而成，象征着灵性和谦卑。基督教信仰启发了许多生物以圣经中的名字命名。甚至拉利贝拉之河也被称为约旦河。12世纪末到13世纪，拉利贝拉一直是埃塞俄比亚的首都。,0.3911875040501098,2024,refA
"For a man, I feel more sorry for him than her, somehow. There's nothing can be done about it. The Dors had another sinking spell. The hospital doesn't think she'll last the day. It must be unbearable. I've never lost anyone. You get over it. Oh, I'm sorry, Mrs. Leslie. Oh, that's all right, Ms. Roe. You get over it. Eventually.",get over [pron],作为一个男人，不知怎的，我觉得他比她更可怜。 这是完全没有办法的事。他们的女儿又病重了。医院认为她撑不过今天。 那种感觉一定难以忍受。我从来没有失去过任何人。 她会好起来的。 哦，我很抱歉，莱斯利夫人。 哦，没关系，罗恩小姐。你会克服它的。最终都会。,作为一个男人，不知怎的，我觉得他比她更可怜。 这是完全没有办法的事。他们的女儿又病重了。医院认为她撑不过今天。 那种感觉一定难以忍受。我从来没有失去过任何人。 她会好起来的。 哦，我很抱歉，莱斯利夫人。 哦，没关系，罗恩小姐。你会克服它的。最终都会。,-2.509074886570021,2024,refA
"Wandering the dark streets late at night wasn’t usually the best option, but honestly, it was better than staying in that stuffy apartment; hell most of the time you could hear the neighbors having sex more than you could hear your music. With a quick, breathy sigh, I returned my gaze to the walk ahead–I’ll probably make my way towards Al’s Pawnshop; just a place I find junk that looks interesting, as a pastime. Quick regret flushed over me as I heard footsteps close behind, maybe I'm overthinking it, but nobody hung around this place unless they wanted to get mugged, or beaten up. It was popular for its mafia and gang activities…",flush over [pron],深夜在黑暗的街道上游荡通常不是最好的选择，但老实说，要比呆在闷热的公寓里好；更要命的是，邻居做爱的声音通常还会盖过播放的音乐声，传到你的耳朵里。我急促地呼出一口气，继续盯着前面的路——我或许可以去艾尔当铺。我通常在那里搜寻一些有趣的废旧物品，来打发时间。听到身后的脚步声时，我立刻后悔了。或许我想多了，但除非想被抢劫或被殴打，否则没有人会在这种地方闲逛，这可是黑手党和帮派活动人士的老巢。,深夜在黑暗的街道上游荡通常不是最好的选择，但老实说，要比呆在闷热的公寓里好；更要命的是，邻居做爱的声音通常还会盖过播放的音乐声，传到你的耳朵里。我急促地呼出一口气，继续盯着前面的路——我或许可以去艾尔当铺。我通常在那里搜寻一些有趣的废旧物品，来打发时间。听到身后的脚步声时，我立刻后悔了。或许我想多了，但除非想被抢劫或被殴打，否则没有人会在这种地方闲逛，这可是黑手党和帮派活动人士的老巢。,0.3932428450125493,2024,refA
"we came up during a golden age of media, with a collective consciousness around pop culture that no longer exists.",come up,我们成长于媒体的黄金时代，有关流行文化的集体意识已不复存在。,我们成长于媒体的黄金时代，有关流行文化的集体意识已不复存在。,0.0998398571519442,2024,refA
we parroted these references back and forth to one another with the assumption that most people would get it.,get it,我们反复观看这些节目，并假设大多数人都能理解。,我们反复观看这些节目，并假设大多数人都能理解。,0.4245115332505456,2024,refA
"Hello. How about that Albany calls? Busy? We'll call the chief operator, tell her to keep the line open. Official business. It's a matter of life and death. I hope you are telling me the truth, Mrs. Kennedy. It won't go well with you if you're not. I tell you what I told you the truth. Dirk and Grab, told my drift. He struggled.",go with [pron],喂。打到奥尔巴尼的那个电话怎么样？占线吗？嗯，打电话给总机，让她保持电话畅通。说是公事。生死攸关。我希望你说的是实话，肯尼迪小姐。否则的话，场面可能会不太好看。 我说过我说的每句话都是真的。迪肯抓住了我。撕破了我的衣服。我们扭打了起来。,喂。打到奥尔巴尼的那个电话怎么样？占线吗？嗯，打电话给总机，让她保持电话畅通。说是公事。生死攸关。我希望你说的是实话，肯尼迪小姐。否则的话，场面可能会不太好看。 我说过我说的每句话都是真的。迪肯抓住了我。撕破了我的衣服。我们扭打了起来。,0.2079986981877331,2024,refA
"Welcome. Welcome, everyone. I'm just going to make sure that all of this is working. It just takes a minute. So I came on a bit early just to make sure, just washed my hands and getting ready to go. So I'm just finishing setting up. I think we're good. I'm going to make mistakes so I can feel it. It's one of those days. So I'll just wait until people get on and then we'll get started.",get on,欢迎。欢迎各位。我现在需要确保一切正常。一分钟就好。所以我特地早点来，确认一下。刚洗完手准备好。我刚布置好。我想我们准备好了。我肯定会犯错的。我能感觉到。今天就是那种倒霉的日子。所以我就等大家上来，然后开始。,欢迎。欢迎各位。我现在需要确保一切正常。一分钟就好。所以我特地早点来，确认一下。刚洗完手准备好。我刚布置好。我想我们准备好了。我肯定会犯错的。我能感觉到。今天就是那种倒霉的日子。所以我就等大家上来，然后开始。,0.1890828591630552,2024,refA
"In Germany, where workers and bosses run many companies jointly, a big strike is unusual. A wave of big strikes is almost unheard of. Right now the country of ""co-determination"" is simultaneously facing an eight-day ""action week"" by irate farmers, who blocked roads with tractors, a three-day strike of railway workers and, to top it off, a looming strike of doctors, who already closed surgeries between Christmas and New Year's Day. This Mistgabelmop (pitchfork mob), as some have taken to calling it, will test Germany's harmonious labour relations in the year to come.",call it,在德国，工人和老板共同经营许多公司，大规模罢工并不常见。大罢工几乎闻所未闻。目前，这个“共同决策”的国家同时面临着为期八天的“行动周”，愤怒的农民用拖拉机封锁道路，铁路工人也罢工三天，但最糟糕的是，医生已在圣诞节和元旦之间关闭诊所，医疗行业罢工迫在眉睫。一些人称之为“干草叉暴民”（Mistgabelmop），他们将在未来一年考验德国和谐的劳资关系。,在德国，工人和老板共同经营许多公司，大规模罢工并不常见。大罢工几乎闻所未闻。目前，这个“共同决策”的国家同时面临着为期八天的“行动周”，愤怒的农民用拖拉机封锁道路，铁路工人也罢工三天，但最糟糕的是，医生已在圣诞节和元旦之间关闭诊所，医疗行业罢工迫在眉睫。一些人称之为“干草叉暴民”（Mistgabelmop），他们将在未来一年考验德国和谐的劳资关系。,-0.6838279880940011,2024,refA
"It's important to keep in mind that, even though these rates are per million departures, some of the plane models in this report - for example, the Boeing 727 introduced in 1964 - have been around for decades and consequently had much longer to accumulate an accident record than others.",keep in mind,重要的是要记住，尽管这些事故率是以每100万次飞行计算的，但该报告中的某些机型，如1964年推出的波音727，现已存在数十年，因此积累事故记录的时间比其他机型要长得多。,重要的是要记住，尽管这些事故率是以每100万次飞行计算的，但该报告中的某些机型，如1964年推出的波音727，现已存在数十年，因此积累事故记录的时间比其他机型要长得多。,0.2485033543333366,2024,refA
Today we're making some beautiful vintage Easter craft. Keep watching! I'm Brandy and this is Making it my own DIY. Welcome! The first project are going to be two Easter ornaments. I'm going to start off with two little ornaments here and you can use whatever you have on hand. I've got these little decor eggs from Dollar Tree.,make it,今天我们要做一些漂亮的复古复活节工艺品。请继续观看！我是布朗迪，这里是《自已动手》博客。欢迎！第一个项目是做两个复活节装饰品。我会从这里的两个小装饰品开始，你可以用你手头上的任何东西。我在“美元树”上买了这些装饰彩蛋。,今天我们要做一些漂亮的复古复活节工艺品。请继续观看！我是布朗迪，这里是《自已动手》博客。欢迎！第一个项目是做两个复活节装饰品。我会从这里的两个小装饰品开始，你可以用你手头上的任何东西。我在“美元树”上买了这些装饰彩蛋。,-0.2063553126767804,2024,refA
"@user21 I only row on weekdays, so I average out to a little over 5K/weekday so far. I break it up in different ways. On an ERG.",break up,@user21 我只在工作日划，目前为止平均每天划5000多米。我用不同的方式来完成的。在erg划船机上。,@user21 我只在工作日划，目前为止平均每天划5000多米。我用不同的方式来完成的。在erg划船机上。,-0.2217194790349828,2024,refA
"Okay I died. There was some light there when I was panning. Yeah, that's what made me miss the shot. My ping is fine. Anyways yeah you can see what I mean by the frame rate. That's what I really don't like about this device. It can't keep up with the game, basically. So when I was shooting him, basically I was shooting at all the wrong places, not because of my ping, but it's because of the graphics lagging, basically. All right, so let's head over to COD Mobile.",keep up,好吧，我挂了。我平移的时候有些延迟。是的，所以没射中。我的ping没问题。不管怎样。对，你明白我说的帧率是什么意思吧。这就是我不喜欢这个设备的地方。它基本上没法跟上游戏的节奏。所以我射他的时候，射的位置基本上都是错的，不是因为ping的问题，而是因为手机图像滞后。好吧，那我们去找COD。,好吧，我挂了。我平移的时候有些延迟。是的，所以没射中。我的ping没问题。不管怎样。对，你明白我说的帧率是什么意思吧。这就是我不喜欢这个设备的地方。它基本上没法跟上游戏的节奏。所以我射他的时候，射的位置基本上都是错的，不是因为ping的问题，而是因为手机图像滞后。好吧，那我们去找COD。,0.2950469450432651,2024,refA
"Below, Nyssi scrambled to her feet. She was pretty sure she had broken something, but her weird, unnatural healing powers had already kicked in. The same couldn't have been said for Thassalin, who was lying in a lump, resting against the one tree that hadn't collapsed under his weight. Nyssi did her best to try and reach Thassalin but she could barely see more than a couple of meters in front of her. Everything was pitch black and engulfed in unholy shadows. And in said shadows, something was screaming and screeching.",scramble to [pron] foot,地面上，尼西挣扎着爬了起来。她想自己一定摔坏了什么地方，但那奇怪、非自然的治愈能力已经开始发挥作用。萨萨林就不一样，他躺在地上，身后有一棵被他压倒的树。尼西竭尽全力，试图靠近萨萨林，但几乎看不清前方几米远的地方。四周漆黑一片，笼罩在邪恶的阴影之中。在那团阴影中，有什么东西在尖叫。,地面上，尼西挣扎着爬了起来。她想自己一定摔坏了什么地方，但那奇怪、非自然的治愈能力已经开始发挥作用。萨萨林就不一样，他躺在地上，身后有一棵被他压倒的树。尼西竭尽全力，试图靠近萨萨林，但几乎看不清前方几米远的地方。四周漆黑一片，笼罩在邪恶的阴影之中。在那团阴影中，有什么东西在尖叫。,-0.0288246398529656,2024,refA
